[
  {
    "id": 1,
    "img": "more-benifits-world-icon.png",
    "alt": "globe",
    "heading": "largest naming community",
    "text": "Our unique approach allows you to receive an unmatched breadth of business name ideas from world's largest community of naming experts. With 75,000+ creatives and 15,000+ successful naming projects, Squadhelp is by far the largest naming platform across the globe."
  },
  {
    "id": 2,
    "img": "more-benifits-high-quality-icon.png",
    "alt": "desktop",
    "heading": "high quality & collaboration",
    "text": "Using an advanced Quality Scoring Algorithm and Machine Learning, we ensure that you receive more ideas from our top-quality creatives, and Gamification best practices ensure two-way communication throughout your contest."
  },
  {
    "id": 3,
    "img": "more-benifits-trademark-icon.png",
    "alt": "cards",
    "heading": "agency-level features",
    "text": "Squadhelp's high end Audience Testing service allows you to poll your target demographics to get unbiased feedback on your favorite names. Also receive Trademark support from our team of Licensed Trademark Attorneys, so you can pick your name with confidence."
  }
]
