[
  {
    "id": 1,
    "img": "managed_contests/consultant-led.svg",
    "alt": "consultant-led",
    "heading": "consultant led",
    "text": "Work one-on-one with a Squadhelp branding consultant."
  },
  {
    "id": 2,
    "img": "managed_contests/crowd-powered.svg",
    "alt": "crowd-powered",
    "heading": "crowd powered",
    "text": "Work with our top rated Creatives and receive a huge breadth of ideas."
  },
  {
    "id": 3,
    "img": "managed_contests/trademark-reports.svg",
    "alt": "trademark-reports",
    "heading": "trademark reports",
    "text": "Comprehensive trademark screening on your shortlisted names."
  },
  {
    "id": 4,
    "img": "managed_contests/audience-testing.svg",
    "alt": "audience-testing",
    "heading": "audience testing",
    "text": "Get rapid feedback from real people on your shortlist of business names."
  }
]
